{"poiList":{"1":{"vertices":[[0.4104861053790785,0.5253969432945393],[0.58734736902967,0.43610092931499633]],"id":1,"color":["1.00","0.60","0.00"],"name":"New POI"}}}