{"roadGraphs":{"8545":{"vertices":[[0.5507325436408977,0.641025641025641],[0.428538029925187,0.9373219373219374],[0.7552213216957606,0.6809116809116809],[0.2489869077306733,0.8005698005698005],[0.3836502493765586,0.8262108262108262],[0.6454956359102244,0.41880341880341876],[0.830034289276808,0.3846153846153846],[0.8774158354114713,0.5555555555555556]],"edges":[[[0.5507325436408977,0.641025641025641],[0.428538029925187,0.9373219373219374]],[[0.428538029925187,0.9373219373219374],[0.7552213216957606,0.6809116809116809]],[[0.2489869077306733,0.8005698005698005],[0.3836502493765586,0.8262108262108262]],[[0.3836502493765586,0.8262108262108262],[0.6454956359102244,0.41880341880341876]],[[0.6454956359102244,0.41880341880341876],[0.830034289276808,0.3846153846153846]],[[0.830034289276808,0.3846153846153846],[0.8774158354114713,0.5555555555555556]],[[0.8774158354114713,0.5555555555555556],[0.7552213216957606,0.6809116809116809]]],"id":8545,"color":["1.00","0.60","0.00"]}}}